problem,path,repeat,order_position,method,status,rows,columns,nonzeros,presolve,presolve_status,threads,tolerance,internal_tolerance,time_limit,rho,delta,rf,start_projection,start_bound_fraction,start_linear_tolerance,read_seconds,setup_seconds,solve_seconds,postsolve_seconds,total_seconds,process_seconds,iterations,outer_iterations,inner_iterations,factor_seconds,linear_solve_seconds,objective,primal_infeasibility,dual_infeasibility,canonical_rows,canonical_columns,canonical_nonzeros,active_columns,preconditioner_core_min,preconditioner_core_mean,preconditioner_core_max,preconditioner_refreshes,preconditioner_factorizations,preconditioner_retained_mean,preconditioner_symbolic_analyses,preconditioner_retries,preconditioner_full,preconditioner_condition_max,preconditioner_spectral_error_max,preconditioner_lag_bound_max,preconditioner_core_swaps,residual_replacements,residual_checks,krylov_stagnations,minres_fallbacks,minres_iterations,krylov_breakdowns,krylov_iteration_limits,pcg_iterations,pcg_max_iterations,pcg_failures,low_rank_columns,low_rank_candidate_edges,peak_memory_mb,timing_consistent,solver_version,model_status,run_status,error
datt256,/iridisfs/scratch/sc9c23/mps/datt256.mps.gz,0,1,highs-hipo,optimal,11077,262144,1503732,off,,1,1e-06,,5000.0,,,1.0,legacy,0.001,,2.376044489443302,0.26436770148575306,32.4495356194675,0.03346578776836395,35.12403233535588,35.43824341520667,37,,,,,255.999999401143,5.156676149055544e-07,2.6645352591003757e-15,,,,,,,,,,,,,,,,,,,,,,,,,,,,,,438.75,True,1.15.1,HighsModelStatus.kOptimal,HighsStatus.kOk,
datt256,/iridisfs/scratch/sc9c23/mps/datt256.mps.gz,0,2,psipm-ssp,optimal,11077,262144,1503732,off,off,1,1e-06,7.071067811865475e-07,5000.0,,,1.0,legacy,0.001,,2.3616971988230944,0.1463510263711214,36.68435523658991,0.007766852155327797,39.20031659118831,39.506084786728024,,13,12,9.819631544873118,25.837677398696542,256.0000003676136,4.2094553145429957e-07,1.4346947175315494e-08,11077,262144,1503732,33231,11077,26341.045454545456,33231,12,18,0.9952731491594217,12,4,False,23766459.585566398,16419.09987484703,100000000.0,1493,0,59,0,0,0,0,10,4619,400,9,0,0,423.62890625,True,psipm-spectral-stable-preconditioner-2,,,
datt256,/iridisfs/scratch/sc9c23/mps/datt256.mps.gz,0,3,highs-ipx,optimal,11077,262144,1503732,off,,1,1e-06,,5000.0,,,1.0,legacy,0.001,,2.339077699929476,0.2620396036654711,129.62706600502133,0.03270077519118786,132.2612567115575,132.5651040431112,17,,,,,256.00000045827875,1.1020048147417032e-07,7.105427357601002e-15,,,,,,,,,,,,,,,,,,,,,,,,,,,,,,306.28125,True,1.15.1,HighsModelStatus.kOptimal,HighsStatus.kOk,
datt256_lp,/iridisfs/scratch/sc9c23/mps/datt256_lp.mps,0,1,psipm-ssp,optimal,11077,262144,1503732,off,off,1,1e-06,7.071067811865475e-07,5000.0,,,1.0,legacy,0.001,,2.207101758569479,0.148662481456995,37.12553045526147,0.007695376873016357,39.489138623699546,39.80154904909432,,13,12,10.3874522279948,25.695157080888748,256.0000003676136,4.2094553145429957e-07,1.4346947175315494e-08,11077,262144,1503732,33231,11077,26341.045454545456,33231,12,18,0.9952731491594217,12,4,False,23766459.585566398,16419.09987484703,100000000.0,1493,0,59,0,0,0,0,10,4619,400,9,0,0,429.87109375,True,psipm-spectral-stable-preconditioner-2,,,
datt256_lp,/iridisfs/scratch/sc9c23/mps/datt256_lp.mps,0,2,highs-ipx,optimal,11077,262144,1503732,off,,1,1e-06,,5000.0,,,1.0,legacy,0.001,,2.181662166491151,0.2564952839165926,129.17213148623705,0.03301318921148777,131.64365184307098,131.94830881617963,17,,,,,256.00000045827875,1.1020048147417032e-07,7.105427357601002e-15,,,,,,,,,,,,,,,,,,,,,,,,,,,,,,308.8203125,True,1.15.1,HighsModelStatus.kOptimal,HighsStatus.kOk,
datt256_lp,/iridisfs/scratch/sc9c23/mps/datt256_lp.mps,0,3,highs-hipo,optimal,11077,262144,1503732,off,,1,1e-06,,5000.0,,,1.0,legacy,0.001,,2.2003388181328773,0.2595104016363621,32.36752497404814,0.03313981741666794,34.86104315146804,35.38312169909477,37,,,,,255.999999401143,5.156676149055544e-07,2.6645352591003757e-15,,,,,,,,,,,,,,,,,,,,,,,,,,,,,,439.1953125,True,1.15.1,HighsModelStatus.kOptimal,HighsStatus.kOk,
dlr1,/iridisfs/scratch/sc9c23/mps/dlr1.mps,0,1,highs-ipx,unknown,1735470,9142907,18365107,off,,1,1e-06,,5000.0,,,1.0,legacy,0.001,,30.063259741291404,4.486183812841773,3087.3457400966436,1.2783866301178932,3123.1739491820335,3123.534268129617,5,,,,,2.979679602003336e+16,2.8199376544007833,983.670392862535,,,,,,,,,,,,,,,,,,,,,,,,,,,,,,5376.38671875,True,1.15.1,HighsModelStatus.kUnknown,HighsStatus.kWarning,
dlr1,/iridisfs/scratch/sc9c23/mps/dlr1.mps,0,2,highs-hipo,optimal,1735470,9142907,18365107,off,,1,1e-06,,5000.0,,,1.0,legacy,0.001,,30.90467334166169,4.442168273031712,3759.788469636813,1.2989714425057173,3796.434858266264,3797.025575282052,94,,,,,2707106.949074414,3.656168469827917e-09,1.9602339307311922e-07,,,,,,,,,,,,,,,,,,,,,,,,,,,,,,9808.6328125,True,1.15.1,HighsModelStatus.kOptimal,HighsStatus.kOk,
dlr1,/iridisfs/scratch/sc9c23/mps/dlr1.mps,0,3,psipm-ssp,time-limit,1735470,9142907,18365107,off,off,1,1e-06,1e-07,5000.0,,,1.0,legacy,0.001,,30.529718190431595,24.673528101295233,5060.215934211388,0.29186856001615524,5115.711214791983,5116.0396391525865,,1,48,3454.247588643804,1343.252174731344,6459572.739542439,24.480162325804642,0.255570343263571,1735470,9910970,19133170,1735470,1735470,1735470.0,1735470,7,18,0.9961213471196356,7,0,False,712378.254185684,17571.79825076837,100000000.0,47119,0,216,0,0,0,0,0,2657,169,0,0,0,21007.57421875,True,psipm-spectral-stable-preconditioner-2,,,
ds-big,/iridisfs/scratch/sc9c23/mps/ds-big.mps.gz,0,1,highs-hipo,optimal,1042,174997,4623442,off,,1,1e-06,,5000.0,,,1.0,legacy,0.001,,4.6956328228116035,0.6777479238808155,41.58114185370505,0.02800387144088745,46.983104357495904,47.52839993685484,76,,,,,86.8200741918336,6.382986728059592e-08,1.6307538197772792e-15,,,,,,,,,,,,,,,,,,,,,,,,,,,,,,743.4609375,True,1.15.1,HighsModelStatus.kOptimal,HighsStatus.kOk,
ds-big,/iridisfs/scratch/sc9c23/mps/ds-big.mps.gz,0,2,psipm-ssp,optimal,1042,174997,4623442,off,off,1,1e-06,1e-06,5000.0,,,1.0,legacy,0.001,,4.680490870028734,0.07457536645233631,29.705833142623305,0.012958809733390808,34.47398476675153,34.77697134949267,,22,23,19.344796262681484,7.3280334416776896,86.82008274410734,1.0837761355020348e-08,3.3812459763976965e-11,1042,174997,4623442,173668,173668,173668.0,173668,2,24,1.0,1,0,True,1.0,0.0,100000000.0,0,0,0,0,0,0,0,0,0,0,0,0,0,669.75,True,psipm-spectral-stable-preconditioner-2,,,
ds-big,/iridisfs/scratch/sc9c23/mps/ds-big.mps.gz,0,3,highs-ipx,optimal,1042,174997,4623442,off,,1,1e-06,,5000.0,,,1.0,legacy,0.001,,4.642457604408264,0.6492015961557627,159.811938052997,0.028710398823022842,165.13269582763314,165.44093260355294,71,,,,,86.82007154712252,1.1081915940458487e-09,6.176785858747653e-12,,,,,,,,,,,,,,,,,,,,,,,,,,,,,,514.484375,True,1.15.1,HighsModelStatus.kOptimal,HighsStatus.kOk,
ds,/iridisfs/scratch/sc9c23/mps/ds.mps.gz,0,1,psipm-ssp,optimal,656,67732,1024059,off,off,1,1e-06,1e-06,5000.0,,,1.0,legacy,0.001,,0.8757159728556871,0.016677414998412132,3.1550494711846113,0.003333756700158119,4.050893472507596,4.348622154444456,,17,16,1.3993766624480486,1.066609563305974,57.23456918826898,1.4333507714070493e-09,2.6571358292064987e-12,656,67732,1024059,67076,67076,67076.0,67076,2,17,1.0,1,0,True,1.0,0.0,100000000.0,0,0,0,0,0,0,0,0,0,0,0,0,0,194.1171875,True,psipm-spectral-stable-preconditioner-2,,,
ds,/iridisfs/scratch/sc9c23/mps/ds.mps.gz,0,2,highs-ipx,optimal,656,67732,1024059,off,,1,1e-06,,5000.0,,,1.0,legacy,0.001,,0.8607884403318167,0.14825315959751606,12.598852613940835,0.009456338360905647,13.61767795868218,13.921218344941735,44,,,,,57.23456529271912,4.883482507267445e-12,1.1509871529591256e-15,,,,,,,,,,,,,,,,,,,,,,,,,,,,,,169.7578125,True,1.15.1,HighsModelStatus.kOptimal,HighsStatus.kOk,
ds,/iridisfs/scratch/sc9c23/mps/ds.mps.gz,0,3,highs-hipo,optimal,656,67732,1024059,off,,1,1e-06,,5000.0,,,1.0,legacy,0.001,,0.8713160399347544,0.15181306935846806,5.667481767013669,0.009503616020083427,6.700661258772016,7.014428235590458,37,,,,,57.23456950640014,2.537064039964676e-07,1.534649537278834e-15,,,,,,,,,,,,,,,,,,,,,,,,,,,,,,225.07421875,True,1.15.1,HighsModelStatus.kOptimal,HighsStatus.kOk,
ivu06-big,/iridisfs/scratch/sc9c23/mps/ivu06-big.mps.gz,0,1,highs-ipx,optimal,1177,2277736,23125770,off,,1,1e-06,,5000.0,,,1.0,legacy,0.001,,25.610149225220084,3.666972739621997,2071.051093166694,0.3365011103451252,2100.6651689969003,2100.9695137664676,121,,,,,135.4277185254628,4.145250809273193e-11,4.0536216358886025e-12,,,,,,,,,,,,,,,,,,,,,,,,,,,,,,2397.1171875,True,1.15.1,HighsModelStatus.kOptimal,HighsStatus.kOk,
ivu06-big,/iridisfs/scratch/sc9c23/mps/ivu06-big.mps.gz,0,2,highs-hipo,optimal,1177,2277736,23125770,off,,1,1e-06,,5000.0,,,1.0,legacy,0.001,,25.912426486611366,3.5969470627605915,269.61709804460406,0.3245777450501919,299.4516726862639,300.6320072375238,67,,,,,135.427719850949,7.732130713478114e-09,5.695240640043114e-15,,,,,,,,,,,,,,,,,,,,,,,,,,,,,,4355.765625,True,1.15.1,HighsModelStatus.kOptimal,HighsStatus.kOk,
ivu06-big,/iridisfs/scratch/sc9c23/mps/ivu06-big.mps.gz,0,3,psipm-ssp,optimal,1177,2277736,23125770,off,off,1,1e-06,1e-06,5000.0,,,1.0,legacy,0.001,,25.67739875242114,0.4757883343845606,4358.523683991283,0.10411018319427967,4384.781139429659,4385.094440300018,,23,69,8.249870032072067,4251.410883773118,135.42772311285012,2.676864850337246e-07,3.096096761806151e-09,1177,2277736,23125770,3531,1177,2426.24358974359,3531,49,69,0.9240966861093955,49,4,False,32278.093778737868,52.17462569675118,100000000.0,7748,0,912,0,0,0,0,107,68621,380,11,0,0,3181.75,True,psipm-spectral-stable-preconditioner-2,,,
ivu06,/iridisfs/scratch/sc9c23/mps/ivu06.mps.gz,0,1,highs-hipo,optimal,1177,787239,8032303,off,,1,1e-06,,5000.0,,,1.0,legacy,0.001,,9.017496012151241,1.3098890855908394,96.61482225172222,0.11169631592929363,107.05451327934861,107.39364786632359,50,,,,,135.90135310271745,1.7696287768487196e-09,9.373153963749521e-15,,,,,,,,,,,,,,,,,,,,,,,,,,,,,,1553.57421875,True,1.15.1,HighsModelStatus.kOptimal,HighsStatus.kOk,
ivu06,/iridisfs/scratch/sc9c23/mps/ivu06.mps.gz,0,2,psipm-ssp,optimal,1177,787239,8032303,off,off,1,1e-06,1e-06,5000.0,,,1.0,legacy,0.001,,9.019054157659411,0.16484607942402363,53.8248532358557,0.03534499183297157,63.04426975362003,63.467732379212976,,22,25,25.661414662376046,15.444377359002829,135.90137037102747,3.693501060553217e-10,1.4768580833057494e-10,1177,787239,8032303,782616,782616,782616.0,782616,3,26,1.0,1,0,True,1.0,0.0,100000000.0,0,0,0,0,0,0,0,0,0,0,0,0,0,1341.9375,True,psipm-spectral-stable-preconditioner-2,,,
ivu06,/iridisfs/scratch/sc9c23/mps/ivu06.mps.gz,0,3,highs-ipx,optimal,1177,787239,8032303,off,,1,1e-06,,5000.0,,,1.0,legacy,0.001,,8.948636723682284,1.2446421571075916,402.5214130207896,0.11461533233523369,412.82974600978196,413.13973752968013,91,,,,,135.90135718955656,1.9430285158605898e-10,1.9270560456005923e-11,,,,,,,,,,,,,,,,,,,,,,,,,,,,,,913.8515625,True,1.15.1,HighsModelStatus.kOptimal,HighsStatus.kOk,
ivu59,/iridisfs/scratch/sc9c23/mps/ivu59.mps,0,1,psipm-ssp,optimal,3436,2569996,36186332,off,off,1,1e-06,1e-06,5000.0,,,1.0,legacy,0.001,,16.045504424721003,0.6858559586107731,2201.7111591920257,0.13713917322456837,2218.579841133207,2219.0253497473896,,21,24,64.83691084757447,2086.7482106965035,884.457077747641,6.369836225150749e-08,2.4520564001626593e-09,3436,2569996,36186332,10308,3436,9013.461538461539,10308,21,34,0.9284725878011115,21,4,False,225217.43029181391,194.95582045619915,100000000.0,13969,0,317,0,0,0,0,22,22469,400,12,0,0,4844.56640625,True,psipm-spectral-stable-preconditioner-2,,,
ivu59,/iridisfs/scratch/sc9c23/mps/ivu59.mps,0,2,highs-ipx,time-limit,3436,2569996,36186332,off,,1,1e-06,,5000.0,,,1.0,legacy,0.001,,16.013203289359808,5.605204399675131,4979.610586104915,0.3919677156955004,5001.621342364699,5002.397089378908,95,,,,,890.4543793899591,3.6715075424353927e-13,7.894919286223335e-16,,,,,,,,,,,,,,,,,,,,,,,,,,,,,,3537.32421875,True,1.15.1,HighsModelStatus.kTimeLimit,HighsStatus.kWarning,
ivu59,/iridisfs/scratch/sc9c23/mps/ivu59.mps,0,3,highs-hipo,optimal,3436,2569996,36186332,off,,1,1e-06,,5000.0,,,1.0,legacy,0.001,,16.715951001271605,5.431270528584719,541.4633897673339,0.38327761739492416,563.9944575168192,564.5143446605653,44,,,,,884.4570871209793,6.571321709003541e-09,1.7751934240594377e-14,,,,,,,,,,,,,,,,,,,,,,,,,,,,,,6070.66015625,True,1.15.1,HighsModelStatus.kOptimal,HighsStatus.kOk,
kottenpark09,/iridisfs/scratch/sc9c23/mps/kottenpark09.mps,0,1,highs-ipx,optimal,325547,2893026,13085485,off,,1,1e-06,,5000.0,,,1.0,legacy,0.001,,24.876229224726558,2.38495821505785,1083.749615240842,0.3901189751923084,1111.401310523972,1111.7435473967344,37,,,,,179.00000076767765,3.615385996278647e-10,9.810605661186855e-10,,,,,,,,,,,,,,,,,,,,,,,,,,,,,,2289.59765625,True,1.15.1,HighsModelStatus.kOptimal,HighsStatus.kOk,
kottenpark09,/iridisfs/scratch/sc9c23/mps/kottenpark09.mps,0,2,highs-hipo,optimal,325547,2893026,13085485,off,,1,1e-06,,5000.0,,,1.0,legacy,0.001,,24.811749005690217,2.3609817158430815,3204.4620315246284,0.3981243558228016,3232.0334740858525,3232.3786562494934,27,,,,,178.9910540563674,2.8904745295556575e-07,1.1462311538560108e-10,,,,,,,,,,,,,,,,,,,,,,,,,,,,,,17119.89453125,True,1.15.1,HighsModelStatus.kOptimal,HighsStatus.kOk,
kottenpark09,/iridisfs/scratch/sc9c23/mps/kottenpark09.mps,0,3,psipm-ssp,external-timeout,,,,off,,1,1e-06,,5000.0,,,,,,,,,,,5300.161274040118,5300.161274040118,,,,,,,,,,,,,,,,,,,,,,,,,,,,,,,,,,,,,,,,,,,"Command '['/home/sc9c23/.conda/envs/psipm-benchmark/bin/python', '/iridisfs/home/sc9c23/MF-PSIPM/batch_test_spectral_preconditioner.py', '--worker', '--model', '/iridisfs/scratch/sc9c23/mps/kottenpark09.mps', '--method', 'psipm-ssp', '--repeat-index', '0', '--order-position', '3', '--tol', '1e-06', '--time-limit', '5000.0', '--threads', '1', '--presolve', 'off', '--pc', '3', '--rf', '1.0', '--start-projection', 'legacy', '--start-bound-fraction', '0.001', '--maxit', '160', '--inner-maxit', '100', '--core-factor', '1.0', '--max-core-factor', '3.0', '--retention', '0.9', '--factor-max-age', '2', '--core-max-age', '12', '--refresh-cg', '30', '--fill-weight', '0.2', '--cg-tol', '1e-07', '--cg-tol-max', '0.01', '--forcing-factor', '0.1', '--cg-maxit', '200', '--retry-growth', '1.35', '--matching-max-rows', '50000', '--matching-max-nnz', '25000000', '--matching-refresh-max-rows', '20000', '--backbone-max-age', '20', '--residual-score-weight', '0.0', '--swap-patience', '2', '--condition-limit', '1000000000000.0', '--lag-spectral-ratio', '100000000.0', '--residual-replacement', '100', '--residual-gap-tolerance', '0.1', '--stagnation-window', '3', '--stagnation-reduction', '0.8', '--corrector-tightening', '1.0', '--minres-maxit', '400', '--minres-max-dimension', '200000', '--cholmod-order', 'best', '--low-rank-max-columns', '8', '--low-rank-min-nnz', '1024', '--low-rank-clique-ratio', '2.0', '--printlevel', '0', '--seed', '20260810', '--no-weighted-backbone']' timed out after 5300.0 seconds"
L2CTA3D,/iridisfs/scratch/sc9c23/mps/L2CTA3D.mps,0,1,highs-hipo,HighsModelStatus.kNotset,210000,10000000,30000000,off,,1,1e-06,,5000.0,,,1.0,legacy,0.001,,69.3957483638078,6.149390736594796,1215.0813648179173,0.011178338900208473,1290.6382412556559,1291.0994119383395,-1,,,,,0.0,nan,nan,,,,,,,,,,,,,,,,,,,,,,,,,,,,,,12333.0234375,True,1.15.1,HighsModelStatus.kNotset,HighsStatus.kError,
L2CTA3D,/iridisfs/scratch/sc9c23/mps/L2CTA3D.mps,0,2,psipm-ssp,optimal,210000,10000000,30000000,off,off,1,1e-06,1e-06,5000.0,,,1.0,legacy,0.001,,68.97939025238156,1.4223129469901323,4089.158832060173,0.3640193771570921,4159.9247122798115,4160.276147700846,,11,34,1865.598976880312,1986.9589555300772,-5498028568563.996,6.6204061965932975e-09,3.7707447860462875e-12,210000,8002135,24006405,630000,210000,317287.1538461539,630000,21,26,1.0,5,4,False,11345.15462478592,139.38920106469996,2068137596.1669958,0,0,319,0,0,0,0,0,14529,316,0,0,0,8962.3046875,True,psipm-spectral-stable-preconditioner-2,,,
L2CTA3D,/iridisfs/scratch/sc9c23/mps/L2CTA3D.mps,0,3,highs-ipx,infeasible,210000,10000000,30000000,off,,1,1e-06,,5000.0,,,1.0,legacy,0.001,,69.33718336932361,6.167045893147588,956.964187618345,1.2944812048226595,1033.7632843162864,1034.1943581923842,13,,,,,-5497893263267.412,1.8485641555973173e-09,2.8483285539710696e-10,,,,,,,,,,,,,,,,,,,,,,,,,,,,,,7618.62890625,True,1.15.1,HighsModelStatus.kInfeasible,HighsStatus.kOk,
rail03,/iridisfs/scratch/sc9c23/mps/rail03.mps,0,1,psipm-ssp,optimal,253905,758775,1728451,off,off,1,1e-06,1e-07,5000.0,,,1.0,legacy,0.001,,3.6621926445513964,0.9480805713683367,1721.1335914749652,0.023329367861151695,1725.7673456929624,1726.2176782097667,,23,49,421.0517005417496,1269.5746310260147,-920.2737633715976,3.813607568625699e-09,1.3465575213890714e-09,253905,762932,1732608,747565,253905,649135.7678571428,747565,22,38,0.994766277816488,19,4,False,64801.58134793613,1520.8618342147347,100000000.0,65711,0,326,0,0,0,0,5,22879,393,2,0,0,6007.96484375,True,psipm-spectral-stable-preconditioner-2,,,
rail03,/iridisfs/scratch/sc9c23/mps/rail03.mps,0,2,highs-ipx,optimal,253905,758775,1728451,off,,1,1e-06,,5000.0,,,1.0,legacy,0.001,,3.5340841710567474,0.4140782319009304,476.76188270002604,0.11152749694883823,480.82194987125695,481.1319870278239,89,,,,,-920.2737376577568,7.012335156986182e-10,5.294225644511712e-11,,,,,,,,,,,,,,,,,,,,,,,,,,,,,,636.94921875,True,1.15.1,HighsModelStatus.kOptimal,HighsStatus.kOk,
rail03,/iridisfs/scratch/sc9c23/mps/rail03.mps,0,3,highs-hipo,optimal,253905,758775,1728451,off,,1,1e-06,,5000.0,,,1.0,legacy,0.001,,3.4859509766101837,0.41559656895697117,286.82307156175375,0.10972241871058941,290.8349117320031,291.1660941503942,92,,,,,-920.2738514105476,1.960538875288855e-07,2.4299668485551805e-13,,,,,,,,,,,,,,,,,,,,,,,,,,,,,,938.84765625,True,1.15.1,HighsModelStatus.kOptimal,HighsStatus.kOk,
rail2536,/iridisfs/scratch/sc9c23/mps/rail2536.gz,0,1,highs-ipx,optimal,2536,1081841,10993311,off,,1,1e-06,,5000.0,,,1.0,legacy,0.001,,3.586281228810549,1.6654867716133595,303.4761672448367,0.16106532514095306,308.8895353693515,309.19537445902824,119,,,,,688.3992243635515,8.66190452697424e-12,1.326442659414321e-10,,,,,,,,,,,,,,,,,,,,,,,,,,,,,,1182.76171875,True,1.15.1,HighsModelStatus.kOptimal,HighsStatus.kOk,
rail2536,/iridisfs/scratch/sc9c23/mps/rail2536.gz,0,2,highs-hipo,optimal,2536,1081841,10993311,off,,1,1e-06,,5000.0,,,1.0,legacy,0.001,,3.5627294909209013,1.7048164773732424,173.89687376655638,0.15425671078264713,179.3193180989474,179.6587115507573,65,,,,,688.3998281009862,1.3466201265188715e-08,1.7361445614483273e-11,,,,,,,,,,,,,,,,,,,,,,,,,,,,,,2118.3828125,True,1.15.1,HighsModelStatus.kOptimal,HighsStatus.kOk,
rail2536,/iridisfs/scratch/sc9c23/mps/rail2536.gz,0,3,psipm-ssp,ill-conditioned,2536,1081841,10993311,off,off,1,1e-06,1e-06,5000.0,,,1.0,legacy,0.001,,3.63501937687397,0.6973943337798119,937.3518730439246,0.047733036801218987,941.732165902853,942.0463449601084,,15,24,33.87414496950805,876.5304275043309,688.9400314155862,0.01698019106844406,0.00905235382358825,2536,1084377,10995847,7608,2536,6822.450549450549,7608,50,85,0.9996460235104471,20,4,False,24486.327717798817,1197.5396589724398,100000000.0,99,0,404,0,0,0,0,68,30288,400,65,0,0,1592.04296875,True,psipm-spectral-stable-preconditioner-2,,,
rail2586,/iridisfs/scratch/sc9c23/mps/rail2586.gz,0,1,highs-hipo,optimal,2586,920683,8008776,off,,1,1e-06,,5000.0,,,1.0,legacy,0.001,,3.007526058703661,1.2625588830560446,105.64473587833345,0.1273864321410656,110.04278861172497,110.3817976154387,72,,,,,935.922013472304,1.842084484948714e-09,1.0164467415899973e-10,,,,,,,,,,,,,,,,,,,,,,,,,,,,,,1663.421875,True,1.15.1,HighsModelStatus.kOptimal,HighsStatus.kOk,
rail2586,/iridisfs/scratch/sc9c23/mps/rail2586.gz,0,2,psipm-ssp,time-limit,2586,920683,8008776,off,off,1,1e-06,1e-06,5000.0,,,1.0,legacy,0.001,,3.052965810522437,0.5099908299744129,4999.613306235522,0.03725675493478775,5003.213660975918,5003.525665707886,,18,250,109.8090845104307,4725.553539933637,935.9880134464345,0.0010677905220730644,0.0023652562940189342,2586,923269,8011362,7758,2586,7595.96862745098,7758,261,505,0.9998492719579367,19,4,False,143798.48004960228,4710.992265709794,100000000.0,195,0,2982,0,0,0,0,262,213908,400,258,0,0,1449.62890625,True,psipm-spectral-stable-preconditioner-2,,,
rail2586,/iridisfs/scratch/sc9c23/mps/rail2586.gz,0,3,highs-ipx,optimal,2586,920683,8008776,off,,1,1e-06,,5000.0,,,1.0,legacy,0.001,,3.1315968576818705,1.2860939390957355,287.9933018684387,0.1348946187645197,292.54639409668744,292.851900273934,137,,,,,935.9218676380086,5.551115123125783e-17,7.761021455128987e-11,,,,,,,,,,,,,,,,,,,,,,,,,,,,,,997.90625,True,1.15.1,HighsModelStatus.kOptimal,HighsStatus.kOk,
rail4284,/iridisfs/scratch/sc9c23/mps/rail4284.gz,0,1,psipm-ssp,ill-conditioned,4284,1092610,11279748,off,off,1,1e-06,1e-06,5000.0,,,1.0,legacy,0.001,,3.609133629128337,0.761304035782814,1469.5050136279315,0.04942125454545021,1473.9250165950507,1474.234778355807,,16,30,275.9953009393066,1162.407001612708,1054.0975018886008,0.005480327724883771,0.006402614550801193,4284,1096894,11284032,12852,4284,11624.927835051547,12852,51,89,0.9998353649928121,15,4,False,44862.832873544474,12458.138337846609,100000000.0,82,0,469,0,0,0,0,69,34220,400,66,0,0,1947.7265625,True,psipm-spectral-stable-preconditioner-2,,,
rail4284,/iridisfs/scratch/sc9c23/mps/rail4284.gz,0,2,highs-ipx,optimal,4284,1092610,11279748,off,,1,1e-06,,5000.0,,,1.0,legacy,0.001,,3.645066825672984,1.6916362438350916,389.5759456269443,0.16348027996718884,395.07665559090674,395.3835353720933,125,,,,,1054.0544952551718,0.0,3.8000565657133244e-11,,,,,,,,,,,,,,,,,,,,,,,,,,,,,,1170.73828125,True,1.15.1,HighsModelStatus.kOptimal,HighsStatus.kOk,
rail4284,/iridisfs/scratch/sc9c23/mps/rail4284.gz,0,3,highs-hipo,optimal,4284,1092610,11279748,off,,1,1e-06,,5000.0,,,1.0,legacy,0.001,,3.6010062638670206,1.703567972406745,211.30109980143607,0.15607927180826664,216.76239405199885,217.1036759559065,38,,,,,1054.0545829448206,5.975666905744248e-09,6.836753385641714e-13,,,,,,,,,,,,,,,,,,,,,,,,,,,,,,2167.2109375,True,1.15.1,HighsModelStatus.kOptimal,HighsStatus.kOk,
