problem,path,repeat,order_position,method,status,rows,columns,nonzeros,presolve,presolve_status,threads,tolerance,internal_tolerance,time_limit,read_seconds,setup_seconds,solve_seconds,postsolve_seconds,total_seconds,process_seconds,iterations,outer_iterations,inner_iterations,factor_seconds,linear_solve_seconds,objective,primal_infeasibility,dual_infeasibility,canonical_rows,canonical_columns,canonical_nonzeros,active_columns,preconditioner_core_min,preconditioner_core_mean,preconditioner_core_max,preconditioner_refreshes,preconditioner_factorizations,preconditioner_retained_mean,preconditioner_symbolic_analyses,preconditioner_retries,preconditioner_full,pcg_iterations,pcg_max_iterations,pcg_failures,low_rank_columns,low_rank_candidate_edges,peak_memory_mb,timing_consistent,solver_version,model_status,run_status,error,relative_gap,complementarity,hsd_residual,tau,kappa,theta,pricing_rounds,columns_added,columns_dropped,proximal_subproblems,proximal_checks,proximal_last_ratio,structure,preconditioner
datt256,/iridisfs/scratch/sc9c23/mps/datt256.mps.gz,0,1,highs-hipo,optimal,11077,262144,1503732,off,,1,1e-06,,5000.0,2.3146516736596823,0.26444684341549873,32.144035467877984,0.032076990231871605,34.75572560168803,35.05907463654876,37,,,,,255.999999401143,5.156676149055544e-07,2.6645352591003757e-15,,,,,,,,,,,,,,,,,,,437.26953125,True,1.15.1,HighsModelStatus.kOptimal,HighsStatus.kOk,,,,,,,,,,,,,,,
datt256,/iridisfs/scratch/sc9c23/mps/datt256.mps.gz,0,2,psipm-v3,optimal,11077,262144,1503732,off,off,1,1e-06,1e-06,5000.0,2.3404426500201225,0.012778956443071365,322.5923801306635,0.009052898734807968,324.9548022635281,325.2620714586228,,63,45001,25.944440703839064,287.1707799099386,255.99999999860884,3.3531953380627755e-08,3.419479998584371e-14,11077,262144,1503732,262144,,,,,,,,,,45001,,29,,,1052.5390625,True,psipm-v3-hsd-generic-2,,,,2.7116970137912222e-12,1.6266024933375536e-19,2.8414254195281213e-08,0.8473783989542703,1.3701801991018268e-19,7.479017649083326e-18,31,0,0,31,63,0.044248189138020054,generic-sparse,stable-active-column
datt256,/iridisfs/scratch/sc9c23/mps/datt256.mps.gz,0,3,highs-ipx,optimal,11077,262144,1503732,off,,1,1e-06,,5000.0,2.301943527534604,0.26158791594207287,128.36203743703663,0.03211450204253197,130.9579887278378,131.24390182457864,17,,,,,256.00000045827875,1.1020048147417032e-07,7.105427357601002e-15,,,,,,,,,,,,,,,,,,,304.0234375,True,1.15.1,HighsModelStatus.kOptimal,HighsStatus.kOk,,,,,,,,,,,,,,,
datt256_lp,/iridisfs/scratch/sc9c23/mps/datt256_lp.mps,0,1,psipm-v3,optimal,11077,262144,1503732,off,off,1,1e-06,1e-06,5000.0,2.1818482764065266,0.012423064559698105,325.4359935875982,0.009115437045693398,327.6395257432014,327.94708006829023,,63,45001,26.01073935814202,289.9847092460841,255.99999999860884,3.3531953380627755e-08,3.419479998584371e-14,11077,262144,1503732,262144,,,,,,,,,,45001,,29,,,1051.52734375,True,psipm-v3-hsd-generic-2,,,,2.7116970137912222e-12,1.6266024933375536e-19,2.8414254195281213e-08,0.8473783989542703,1.3701801991018268e-19,7.479017649083326e-18,31,0,0,31,63,0.044248189138020054,generic-sparse,stable-active-column
datt256_lp,/iridisfs/scratch/sc9c23/mps/datt256_lp.mps,0,2,highs-ipx,optimal,11077,262144,1503732,off,,1,1e-06,,5000.0,2.184853296726942,0.2591521851718426,127.65922618843615,0.03202875144779682,130.13556545972824,130.4228716995567,17,,,,,256.00000045827875,1.1020048147417032e-07,7.105427357601002e-15,,,,,,,,,,,,,,,,,,,304.4375,True,1.15.1,HighsModelStatus.kOptimal,HighsStatus.kOk,,,,,,,,,,,,,,,
datt256_lp,/iridisfs/scratch/sc9c23/mps/datt256_lp.mps,0,3,highs-hipo,optimal,11077,262144,1503732,off,,1,1e-06,,5000.0,2.196908937767148,0.2669909615069628,32.16605366021395,0.031918084248900414,34.66237610206008,34.95780227705836,37,,,,,255.999999401143,5.156676149055544e-07,2.6645352591003757e-15,,,,,,,,,,,,,,,,,,,436.8828125,True,1.15.1,HighsModelStatus.kOptimal,HighsStatus.kOk,,,,,,,,,,,,,,,
dlr1,/iridisfs/scratch/sc9c23/mps/dlr1.mps,0,1,highs-ipx,unknown,1735470,9142907,18365107,off,,1,1e-06,,5000.0,29.819095950573683,4.537590319290757,3034.383416172117,1.231491006910801,3069.971938347444,3070.263966280967,5,,,,,2.979679602003336e+16,2.8199376544007833,983.670392862535,,,,,,,,,,,,,,,,,,,5403.01171875,True,1.15.1,HighsModelStatus.kUnknown,HighsStatus.kWarning,,,,,,,,,,,,,,,
dlr1,/iridisfs/scratch/sc9c23/mps/dlr1.mps,0,2,highs-hipo,optimal,1735470,9142907,18365107,off,,1,1e-06,,5000.0,29.96157855540514,4.477295996621251,3747.4466634765267,1.2133725434541702,3783.099419871345,3783.4758501909673,94,,,,,2707106.949074414,3.656168469827917e-09,1.9602339307311922e-07,,,,,,,,,,,,,,,,,,,9805.7421875,True,1.15.1,HighsModelStatus.kOptimal,HighsStatus.kOk,,,,,,,,,,,,,,,
dlr1,/iridisfs/scratch/sc9c23/mps/dlr1.mps,0,3,psipm-v3,external-timeout,,,,off,,1,1e-06,,5000.0,,,,,5000.0,5120.153403069824,,,,,,,,,,,,,,,,,,,,,,,,,,,,,,,,"Command '['/home/sc9c23/.conda/envs/psipm-benchmark/bin/python', '/iridisfs/home/sc9c23/MF-PSIPM/batch_test_v3.py', '--worker', '--model', '/iridisfs/scratch/sc9c23/mps/dlr1.mps', '--method', 'psipm-v3', '--repeat-index', '0', '--order-position', '3', '--tol', '1e-06', '--time-limit', '5000.0', '--threads', '1', '--presolve', 'off', '--pc', '3', '--maxit', '500', '--inner-maxit', '3', '--core-factor', '1.0', '--max-core-factor', '3.0', '--retention', '0.9', '--factor-max-age', '2', '--core-max-age', '12', '--refresh-cg', '30', '--fill-weight', '0.2', '--cg-tol', '1e-07', '--cg-tol-max', '0.01', '--forcing-factor', '0.1', '--cg-maxit', '1000', '--retry-growth', '1.35', '--cholmod-order', 'best', '--low-rank-max-columns', '8', '--low-rank-min-nnz', '1024', '--low-rank-clique-ratio', '2.0', '--printlevel', '0', '--seed', '20260810']' timed out after 5120.0 seconds",,,,,,,,,,,,,,
ds-big,/iridisfs/scratch/sc9c23/mps/ds-big.mps.gz,0,1,highs-hipo,optimal,1042,174997,4623442,off,,1,1e-06,,5000.0,4.639417203143239,0.6629454325884581,40.89317222125828,0.02844664826989174,46.2246413230896,46.53982177376747,76,,,,,86.8200741918336,6.382986728059592e-08,1.6307538197772792e-15,,,,,,,,,,,,,,,,,,,740.5859375,True,1.15.1,HighsModelStatus.kOptimal,HighsStatus.kOk,,,,,,,,,,,,,,,
ds-big,/iridisfs/scratch/sc9c23/mps/ds-big.mps.gz,0,2,psipm-v3,optimal,1042,174997,4623442,off,off,1,1e-06,1e-06,5000.0,4.651120500639081,0.02906275913119316,91.9095517154783,0.013430226594209671,96.60329130664468,96.90288416855037,,81,1173,61.879148392006755,16.882446222007275,86.8200871834636,6.845759794593675e-07,5.202604825987064e-10,1042,174997,4623442,174997,,,,,,,,,,1173,,1,,,1386.78125,True,psipm-v3-hsd-generic-2,,,,2.1797581030073335e-07,1.0978335317841847e-10,6.635378100215982e-07,0.9741569971538452,1.0693532857659905e-10,1.6335342649608246e-12,45,0,0,45,81,0.11112494015388324,generic-sparse,stable-active-column
ds-big,/iridisfs/scratch/sc9c23/mps/ds-big.mps.gz,0,3,highs-ipx,optimal,1042,174997,4623442,off,,1,1e-06,,5000.0,4.668908007442951,0.6544980928301811,158.68429454043508,0.028285862877964973,164.03631684929132,164.33135784231126,71,,,,,86.82007154712252,1.1081915940458487e-09,6.176785858747653e-12,,,,,,,,,,,,,,,,,,,538.828125,True,1.15.1,HighsModelStatus.kOptimal,HighsStatus.kOk,,,,,,,,,,,,,,,
ds,/iridisfs/scratch/sc9c23/mps/ds.mps.gz,0,1,psipm-v3,postsolve-inaccurate,656,67732,1024059,off,off,1,1e-06,1e-06,5000.0,0.8754893280565739,0.00682215578854084,7.407813003286719,0.0032497048377990723,8.293480340391397,8.589748576283455,,53,1,4.275215869769454,0.5091923493891954,57.234627143547925,8.957793085073718e-08,4.95100173661587e-11,656,67732,1024059,67732,,,,,,,,,,1,,0,,,242.2734375,True,psipm-v3-hsd-generic-2,,,"box-model KKT check failed: pinf 8.958e-08, dinf 4.951e-11, gap 1.070e-06",1.0700204952026317e-06,9.021442589596994e-10,3.331518875463474e-09,0.9744560463567493,8.796153174166485e-10,5.407597999304539e-11,37,0,0,37,53,0.029891852929276822,generic-sparse,stable-active-column
ds,/iridisfs/scratch/sc9c23/mps/ds.mps.gz,0,2,highs-ipx,optimal,656,67732,1024059,off,,1,1e-06,,5000.0,0.8653350938111544,0.15096069686114788,12.569542847573757,0.009232908487319946,13.595360228791833,13.8865787088871,44,,,,,57.23456529271912,4.883482507267445e-12,1.1509871529591256e-15,,,,,,,,,,,,,,,,,,,173.6640625,True,1.15.1,HighsModelStatus.kOptimal,HighsStatus.kOk,,,,,,,,,,,,,,,
ds,/iridisfs/scratch/sc9c23/mps/ds.mps.gz,0,3,highs-hipo,optimal,656,67732,1024059,off,,1,1e-06,,5000.0,0.8565175458788872,0.14808913134038448,5.63968831859529,0.009315134957432747,6.654056392610073,6.947517707943916,37,,,,,57.23456950640014,2.537064039964676e-07,1.534649537278834e-15,,,,,,,,,,,,,,,,,,,223.5234375,True,1.15.1,HighsModelStatus.kOptimal,HighsStatus.kOk,,,,,,,,,,,,,,,
ivu06-big,/iridisfs/scratch/sc9c23/mps/ivu06-big.mps.gz,0,1,highs-ipx,optimal,1177,2277736,23125770,off,,1,1e-06,,5000.0,25.49427217617631,3.6284001860767603,2065.39827346988,0.330097371712327,2094.8514100685716,2095.1425338406116,121,,,,,135.4277185254628,4.145250809273193e-11,4.0536216358886025e-12,,,,,,,,,,,,,,,,,,,2395.453125,True,1.15.1,HighsModelStatus.kOptimal,HighsStatus.kOk,,,,,,,,,,,,,,,
ivu06-big,/iridisfs/scratch/sc9c23/mps/ivu06-big.mps.gz,0,2,highs-hipo,optimal,1177,2277736,23125770,off,,1,1e-06,,5000.0,26.246381781995296,3.643389044329524,268.64865303225815,0.31632160395383835,298.8552792519331,299.2268710285425,67,,,,,135.427719850949,7.732130713478114e-09,5.695240640043114e-15,,,,,,,,,,,,,,,,,,,4355.39453125,True,1.15.1,HighsModelStatus.kOptimal,HighsStatus.kOk,,,,,,,,,,,,,,,
ivu06-big,/iridisfs/scratch/sc9c23/mps/ivu06-big.mps.gz,0,3,psipm-v3,optimal,1177,2277736,23125770,off,off,1,1e-06,1e-06,5000.0,25.50225282460451,0.20671619288623333,2840.2977870684117,0.10702431574463844,2866.113910716027,2866.412193700671,,168,38796,12.80096030794084,2541.637682473287,135.4277179753356,8.199952863940929e-07,3.612810312486471e-12,1177,2277736,23125770,2277736,,,,,,,,,,38796,,18,,,3948.6015625,True,psipm-v3-hsd-generic-2,,,,6.88167043359127e-10,8.318706570669234e-15,8.141717888886582e-07,0.9931376644616361,8.264296433570803e-15,-2.6732073069607817e-14,38,0,0,38,168,0.6842771841365777,generic-sparse,stable-active-column
ivu06,/iridisfs/scratch/sc9c23/mps/ivu06.mps.gz,0,1,highs-hipo,optimal,1177,787239,8032303,off,,1,1e-06,,5000.0,8.884049721062183,1.2444341592490673,96.22891828976572,0.10891864262521267,106.46683085337281,106.78085187450051,50,,,,,135.90135310271745,1.7696287768487196e-09,9.373153963749521e-15,,,,,,,,,,,,,,,,,,,1553.25,True,1.15.1,HighsModelStatus.kOptimal,HighsStatus.kOk,,,,,,,,,,,,,,,
ivu06,/iridisfs/scratch/sc9c23/mps/ivu06.mps.gz,0,2,psipm-v3,optimal,1177,787239,8032303,off,off,1,1e-06,1e-06,5000.0,8.85704069584608,0.06884031184017658,159.5927784908563,0.0355484988540411,168.5543418880552,168.84458605013788,,104,0,90.21990526281297,8.875751135870814,135.9014793146253,1.3382960994956505e-07,5.99792377696632e-10,1177,787239,8032303,787239,,,,,,,,,,0,,0,,,1669.890625,True,psipm-v3-hsd-generic-2,,,,9.014692637222291e-07,1.5116475718990813e-10,3.3675986696076195e-10,0.9937510332575511,1.502696220113796e-10,1.86591406094929e-11,44,0,0,44,104,0.2364937385668656,generic-sparse,stable-active-column
ivu06,/iridisfs/scratch/sc9c23/mps/ivu06.mps.gz,0,3,highs-ipx,optimal,1177,787239,8032303,off,,1,1e-06,,5000.0,9.050102733075619,1.2726510260254145,402.0842953361571,0.11286546476185322,412.5202454999089,412.814972423017,91,,,,,135.90135718955656,1.9430285158605898e-10,1.9270560456005923e-11,,,,,,,,,,,,,,,,,,,915.0703125,True,1.15.1,HighsModelStatus.kOptimal,HighsStatus.kOk,,,,,,,,,,,,,,,
ivu59,/iridisfs/scratch/sc9c23/mps/ivu59.mps,0,1,psipm-v3,time-limit,3436,2569996,36186332,off,off,1,1e-06,1e-06,5000.0,15.016383634880185,0.28243510983884335,4994.657699799165,0.13806293159723282,5010.094736820087,5010.400959504768,,437,36531,404.8212730884552,3703.4915471710265,816.7077057883153,0.13850496975930415,7.015592694306051e-06,3436,2569996,36186332,2569996,,,,,,,,,,36531,,0,,,7885.52734375,True,psipm-v3-hsd-generic-2,,,time-limit; current proximal subproblem fails the natural-residual test: ratio 3.969e+00 >= 1,0.03977191434533223,4.996369884084995e-10,0.1259185025181955,0.9329043489310448,4.695354535437161e-10,-1.3518033413766574e-06,24,0,0,24,437,3.9686453556591017,generic-sparse,stable-active-column
ivu59,/iridisfs/scratch/sc9c23/mps/ivu59.mps,0,2,highs-ipx,time-limit,3436,2569996,36186332,off,,1,1e-06,,5000.0,14.924071848392487,5.468405909836292,4980.417098136619,0.3922587167471647,5001.202173059806,5001.498713651672,94,,,,,891.413009227122,4.888311977424564e-13,1.1842378929335002e-15,,,,,,,,,,,,,,,,,,,3536.33984375,True,1.15.1,HighsModelStatus.kTimeLimit,HighsStatus.kWarning,,,,,,,,,,,,,,,
ivu59,/iridisfs/scratch/sc9c23/mps/ivu59.mps,0,3,highs-hipo,optimal,3436,2569996,36186332,off,,1,1e-06,,5000.0,15.65387157164514,5.470700394362211,536.5549565646797,0.38004761561751366,558.0601150430739,558.5121166929603,44,,,,,884.4570871209793,6.571321709003541e-09,1.7751934240594377e-14,,,,,,,,,,,,,,,,,,,6070.046875,True,1.15.1,HighsModelStatus.kOptimal,HighsStatus.kOk,,,,,,,,,,,,,,,
kottenpark09,/iridisfs/scratch/sc9c23/mps/kottenpark09.mps,0,1,highs-ipx,optimal,325547,2893026,13085485,off,,1,1e-06,,5000.0,24.725527377799153,2.4296702835708857,1075.9907461963594,0.388504134491086,1103.5347930826247,1103.8339733127505,37,,,,,179.00000076767765,3.615385996278647e-10,9.810605661186855e-10,,,,,,,,,,,,,,,,,,,2291.43359375,True,1.15.1,HighsModelStatus.kOptimal,HighsStatus.kOk,,,,,,,,,,,,,,,
kottenpark09,/iridisfs/scratch/sc9c23/mps/kottenpark09.mps,0,2,highs-hipo,optimal,325547,2893026,13085485,off,,1,1e-06,,5000.0,24.59302408620715,2.40124049782753,3221.2345311529934,0.37967456318438053,3248.6090033445507,3248.9682348519564,27,,,,,178.9910540563674,2.8904745295556575e-07,1.1462311538560108e-10,,,,,,,,,,,,,,,,,,,17116.4765625,True,1.15.1,HighsModelStatus.kOptimal,HighsStatus.kOk,,,,,,,,,,,,,,,
kottenpark09,/iridisfs/scratch/sc9c23/mps/kottenpark09.mps,0,3,psipm-v3,external-timeout,,,,off,,1,1e-06,,5000.0,,,,,5000.0,5120.131624817848,,,,,,,,,,,,,,,,,,,,,,,,,,,,,,,,"Command '['/home/sc9c23/.conda/envs/psipm-benchmark/bin/python', '/iridisfs/home/sc9c23/MF-PSIPM/batch_test_v3.py', '--worker', '--model', '/iridisfs/scratch/sc9c23/mps/kottenpark09.mps', '--method', 'psipm-v3', '--repeat-index', '0', '--order-position', '3', '--tol', '1e-06', '--time-limit', '5000.0', '--threads', '1', '--presolve', 'off', '--pc', '3', '--maxit', '500', '--inner-maxit', '3', '--core-factor', '1.0', '--max-core-factor', '3.0', '--retention', '0.9', '--factor-max-age', '2', '--core-max-age', '12', '--refresh-cg', '30', '--fill-weight', '0.2', '--cg-tol', '1e-07', '--cg-tol-max', '0.01', '--forcing-factor', '0.1', '--cg-maxit', '1000', '--retry-growth', '1.35', '--cholmod-order', 'best', '--low-rank-max-columns', '8', '--low-rank-min-nnz', '1024', '--low-rank-clique-ratio', '2.0', '--printlevel', '0', '--seed', '20260810']' timed out after 5120.0 seconds",,,,,,,,,,,,,,
L2CTA3D,/iridisfs/scratch/sc9c23/mps/L2CTA3D.mps,0,1,highs-hipo,HighsModelStatus.kNotset,210000,10000000,30000000,off,,1,1e-06,,5000.0,68.85832553729415,6.143890745937824,1198.9361540284008,0.011156711727380753,1273.9500386435539,1274.347411474213,-1,,,,,0.0,nan,nan,,,,,,,,,,,,,,,,,,,12333.14453125,True,1.15.1,HighsModelStatus.kNotset,HighsStatus.kError,,,,,,,,,,,,,,,
L2CTA3D,/iridisfs/scratch/sc9c23/mps/L2CTA3D.mps,0,2,psipm-v3,optimal,210000,10000000,30000000,off,off,1,1e-06,1e-06,5000.0,68.29853889159858,0.6976707708090544,3460.850072853267,0.3582420237362385,3530.204658884555,3530.5124528966844,,74,2827,2412.2413321249187,527.8342448901385,-5498028516889.703,1.6657354892567607e-08,8.471038670214857e-07,210000,8002135,24006405,8002135,,,,,,,,,,2827,,0,,,9927.5546875,True,psipm-v3-hsd-generic-2,,,,5.442678034098171e-10,0.0011255861814192941,2.6773010422968947e-08,0.15362107721262358,0.00017277472932101455,1.4216968421283103e-08,31,0,0,31,74,0.13506907228033097,generic-sparse,stable-active-column
L2CTA3D,/iridisfs/scratch/sc9c23/mps/L2CTA3D.mps,0,3,highs-ipx,infeasible,210000,10000000,30000000,off,,1,1e-06,,5000.0,68.36884432844818,6.253728367388248,942.9576983805746,1.2409420348703861,1018.8215561769903,1019.2614492811263,13,,,,,-5497893263267.412,1.8485641555973173e-09,2.8483285539710696e-10,,,,,,,,,,,,,,,,,,,7617.53125,True,1.15.1,HighsModelStatus.kInfeasible,HighsStatus.kOk,,,,,,,,,,,,,,,
rail03,/iridisfs/scratch/sc9c23/mps/rail03.mps,0,1,psipm-v3,optimal,253905,758775,1728451,off,off,1,1e-06,1e-07,5000.0,3.6652742009609938,1.1638949401676655,713.8114671390504,0.03214910998940468,718.6729567442089,719.1045356299728,,83,7046,276.716013494879,396.51196835003793,-920.2737530384888,1.2042292337656155e-07,1.0456207569308946e-09,253905,762932,1732608,762932,,,,,,,,,,7046,,0,,,2730.1796875,True,psipm-v3-hsd-generic-2,,,,1.968519357783205e-08,3.281705310892254e-11,3.240345482536323e-08,0.7306795645584029,2.3976073531026003e-11,1.0915864576915185e-12,46,0,0,46,83,0.12148048099638749,generic-sparse,stable-active-column
rail03,/iridisfs/scratch/sc9c23/mps/rail03.mps,0,2,highs-ipx,optimal,253905,758775,1728451,off,,1,1e-06,,5000.0,3.4287535902112722,0.41407654620707035,471.2421680968255,0.10757881961762905,475.19293320551515,475.49346248060465,89,,,,,-920.2737376577568,7.012335156986182e-10,5.294225644511712e-11,,,,,,,,,,,,,,,,,,,642.23828125,True,1.15.1,HighsModelStatus.kOptimal,HighsStatus.kOk,,,,,,,,,,,,,,,
rail03,/iridisfs/scratch/sc9c23/mps/rail03.mps,0,3,highs-hipo,optimal,253905,758775,1728451,off,,1,1e-06,,5000.0,3.421677513048053,0.413495359942317,284.5282987244427,0.10681121610105038,288.47080039419234,288.7744038570672,92,,,,,-920.2738514105476,1.960538875288855e-07,2.4299668485551805e-13,,,,,,,,,,,,,,,,,,,936.0078125,True,1.15.1,HighsModelStatus.kOptimal,HighsStatus.kOk,,,,,,,,,,,,,,,
rail2536,/iridisfs/scratch/sc9c23/mps/rail2536.gz,0,1,highs-ipx,optimal,2536,1081841,10993311,off,,1,1e-06,,5000.0,3.6447148472070694,1.688472805544734,303.7059269286692,0.1544464472681284,309.1939806006849,309.4839061535895,119,,,,,688.3992243635515,8.66190452697424e-12,1.326442659414321e-10,,,,,,,,,,,,,,,,,,,1179.90234375,True,1.15.1,HighsModelStatus.kOptimal,HighsStatus.kOk,,,,,,,,,,,,,,,
rail2536,/iridisfs/scratch/sc9c23/mps/rail2536.gz,0,2,highs-hipo,optimal,2536,1081841,10993311,off,,1,1e-06,,5000.0,3.5419121962040663,1.6398937534540892,173.5304989553988,0.14898855052888393,178.86182440258563,179.17179790884256,65,,,,,688.3998281009862,1.3466201265188715e-08,1.7361445614483273e-11,,,,,,,,,,,,,,,,,,,2119.7578125,True,1.15.1,HighsModelStatus.kOptimal,HighsStatus.kOk,,,,,,,,,,,,,,,
rail2536,/iridisfs/scratch/sc9c23/mps/rail2536.gz,0,3,psipm-v3,time-limit,2536,1081841,10993311,off,off,1,1e-06,1e-06,5000.0,3.534616768360138,0.5451807864010334,4999.3985145594925,0.053057581186294556,5003.531512821093,5003.892630945891,,147,158338,45.677612299099565,4835.951147634536,688.398824876131,0.0204473411554556,6.299577156217614e-10,2536,1084377,10995847,1084377,,,,,,,,,,158338,,108,,,8749.29296875,True,psipm-v3-hsd-generic-2,,,one or more PCG solves stopped before their requested tolerance; current proximal subproblem fails the natural-residual test: ratio 2.706e+00 >= 1,2.3679820442661165e-09,8.426186771053063e-13,0.028023443345911208,0.8801362479781775,7.318947635846096e-13,-5.353550042474861e-13,29,0,0,29,147,2.7063911750949305,generic-sparse,stable-active-column
rail2586,/iridisfs/scratch/sc9c23/mps/rail2586.gz,0,1,highs-hipo,optimal,2586,920683,8008776,off,,1,1e-06,,5000.0,2.972575046122074,1.2405959460884333,105.41082237288356,0.12453892081975937,109.74907046929002,111.30196485668421,72,,,,,935.922013472304,1.842084484948714e-09,1.0164467415899973e-10,,,,,,,,,,,,,,,,,,,1660.515625,True,1.15.1,HighsModelStatus.kOptimal,HighsStatus.kOk,,,,,,,,,,,,,,,
rail2586,/iridisfs/scratch/sc9c23/mps/rail2586.gz,0,2,psipm-v3,time-limit,2586,920683,8008776,off,off,1,1e-06,1e-06,5000.0,2.942410219460726,0.40272272750735283,4999.809176225215,0.03926828317344189,5003.193702017888,5003.502278596163,,186,211853,35.6658694203943,4848.093036821112,935.9210905996719,0.017173523832204107,3.268725060600264e-10,2586,923269,8011362,923269,,,,,,,,,,211853,,155,,,3022.01953125,True,psipm-v3-hsd-generic-2,,,time-limit; current proximal subproblem fails the natural-residual test: ratio 2.293e+00 >= 1,3.170662003540871e-08,3.509876027160121e-10,0.026031901522941048,0.8933498656036074,3.124325301010955e-10,1.1573393260801968e-11,28,0,0,28,186,2.2928584938565195,generic-sparse,stable-active-column
rail2586,/iridisfs/scratch/sc9c23/mps/rail2586.gz,0,3,highs-ipx,optimal,2586,920683,8008776,off,,1,1e-06,,5000.0,2.9835163801908493,1.2386548053473234,288.7933142744005,0.12841498479247093,293.1443330012262,293.4333339612931,137,,,,,935.9218676380086,5.551115123125783e-17,7.761021455128987e-11,,,,,,,,,,,,,,,,,,,997.24609375,True,1.15.1,HighsModelStatus.kOptimal,HighsStatus.kOk,,,,,,,,,,,,,,,
rail4284,/iridisfs/scratch/sc9c23/mps/rail4284.gz,0,1,psipm-v3,time-limit,4284,1092610,11279748,off,off,1,1e-06,1e-06,5000.0,3.6471808087080717,0.6103406548500061,4999.285401005298,0.051315195858478546,5003.594361348078,5003.935528328642,,142,131623,208.6730056963861,4674.701751379296,1054.054118237027,0.007353895528157017,1.2007224844031346e-09,4284,1096894,11284032,1096894,,,,,,,,,,131623,,84,,,7800.6875,True,psipm-v3-hsd-generic-2,,,time-limit; current proximal subproblem fails the natural-residual test: ratio 1.601e+00 >= 1,4.5362639433058195e-08,5.363591139779372e-11,0.007466111830028311,0.8848655426439834,4.744693960770588e-11,-1.5598753104225614e-11,28,0,0,28,142,1.6010467271737374,generic-sparse,stable-active-column
rail4284,/iridisfs/scratch/sc9c23/mps/rail4284.gz,0,2,highs-ipx,optimal,4284,1092610,11279748,off,,1,1e-06,,5000.0,3.624377766624093,1.7307315710932016,388.9669697806239,0.160551767796278,394.4832010958344,394.7921071294695,125,,,,,1054.0544952551718,0.0,3.8000565657133244e-11,,,,,,,,,,,,,,,,,,,1171.62890625,True,1.15.1,HighsModelStatus.kOptimal,HighsStatus.kOk,,,,,,,,,,,,,,,
rail4284,/iridisfs/scratch/sc9c23/mps/rail4284.gz,0,3,highs-hipo,optimal,4284,1092610,11279748,off,,1,1e-06,,5000.0,3.602062551304698,1.7241918556392193,210.49946858920157,0.15196509286761284,215.97823280096054,216.28875983133912,38,,,,,1054.0545829448206,5.975666905744248e-09,6.836753385641714e-13,,,,,,,,,,,,,,,,,,,2159.5625,True,1.15.1,HighsModelStatus.kOptimal,HighsStatus.kOk,,,,,,,,,,,,,,,
rail4872,/iridisfs/scratch/sc9c23/mps/rail4872.gz,0,1,highs-ipx,optimal,4872,968672,9244093,off,,1,1e-06,,5000.0,3.195170009508729,1.4597360603511333,435.70883760228753,0.13415768183767796,440.4983153901994,440.7916595302522,154,,,,,1509.639405189863,7.624623155066956e-12,5.820766091346741e-11,,,,,,,,,,,,,,,,,,,1073.828125,True,1.15.1,HighsModelStatus.kOptimal,HighsStatus.kOk,,,,,,,,,,,,,,,
rail4872,/iridisfs/scratch/sc9c23/mps/rail4872.gz,0,2,highs-hipo,optimal,4872,968672,9244093,off,,1,1e-06,,5000.0,3.1702011320739985,1.4344917554408312,142.690858123824,0.13261275365948677,147.42871835641563,147.74055476114154,56,,,,,1509.639447318949,8.352309954773318e-10,7.92096314465122e-10,,,,,,,,,,,,,,,,,,,1832.265625,True,1.15.1,HighsModelStatus.kOptimal,HighsStatus.kOk,,,,,,,,,,,,,,,
rail4872,/iridisfs/scratch/sc9c23/mps/rail4872.gz,0,3,psipm-v3,time-limit,4872,968672,9244093,off,off,1,1e-06,1e-06,5000.0,3.1665910203009844,0.5175807625055313,4999.682360503823,0.05992118641734123,5003.426601083949,5003.75838287361,,180,169121,115.39263095147908,4760.493273217231,1509.6385430627624,0.013429673096909012,3.122988534114144e-10,4872,973544,9248965,973544,,,,,,,,,,169121,,108,,,5155.234375,True,psipm-v3-hsd-generic-2,,,time-limit; current proximal subproblem fails the natural-residual test: ratio 1.433e+00 >= 1,9.155019328138503e-09,9.63234150448771e-11,0.015150854755052167,0.8901612682227769,8.558842943590782e-11,5.108701202776967e-12,28,0,0,28,180,1.4331548171711028,generic-sparse,stable-active-column
rail507,/iridisfs/scratch/sc9c23/mps/rail507.gz,0,1,highs-hipo,optimal,507,63009,409349,off,,1,1e-06,,5000.0,0.20279324054718018,0.06734397076070309,3.2499969135969877,0.008012227714061737,3.528614254668355,3.821602853015065,38,,,,,172.1455698470429,1.353644418777833e-10,3.508054957634954e-11,,,,,,,,,,,,,,,,,,,150.74609375,True,1.15.1,HighsModelStatus.kOptimal,HighsStatus.kOk,,,,,,,,,,,,,,,
rail507,/iridisfs/scratch/sc9c23/mps/rail507.gz,0,2,psipm-v3,optimal,507,63009,409349,off,off,1,1e-06,1e-06,5000.0,0.1983125675469637,0.030303044244647026,3.741210049018264,0.0020254813134670258,3.9719447158277035,4.251592913642526,,49,0,1.7197896521538496,0.2424033246934414,172.14556865207842,7.955525127556484e-11,9.356606796989287e-12,507,63516,409856,63516,,,,,,,,,,0,,0,,,153.46484375,True,psipm-v3-hsd-generic-2,,,,1.0518733612125226e-08,2.5601333553149642e-11,2.3986619922455245e-10,0.9065714598460328,2.32132188455084e-11,1.0503094943701001e-11,36,0,0,36,49,0.021518018932419017,generic-sparse,stable-active-column
rail507,/iridisfs/scratch/sc9c23/mps/rail507.gz,0,3,highs-ipx,optimal,507,63009,409349,off,,1,1e-06,,5000.0,0.19887182116508484,0.06780985929071903,3.440454252064228,0.008101804181933403,3.7156032640486956,4.0056288577616215,58,,,,,172.14556687024591,3.6630698474482415e-12,4.850638409455617e-12,,,,,,,,,,,,,,,,,,,107.4609375,True,1.15.1,HighsModelStatus.kOptimal,HighsStatus.kOk,,,,,,,,,,,,,,,
rail516,/iridisfs/scratch/sc9c23/mps/rail516.gz,0,1,psipm-v3,optimal,516,47311,314896,off,off,1,1e-06,1e-06,5000.0,0.1489730328321457,0.023893481120467186,2.528601875528693,0.001505812630057335,2.7030642963945866,2.981361050158739,,43,0,1.2103645149618387,0.1515589915215969,182.0000006536393,3.3331565285621423e-10,4.270031642977391e-12,516,47827,315412,47827,,,,,,,,,,0,,0,,,129.40234375,True,psipm-v3-hsd-generic-2,,,,3.5643932103580856e-09,1.197483887542372e-11,4.875776041353483e-10,0.9198761691730909,1.1014065364158571e-11,5.099387355483817e-12,34,0,0,34,43,0.13498675775327132,generic-sparse,stable-active-column
rail516,/iridisfs/scratch/sc9c23/mps/rail516.gz,0,2,highs-ipx,optimal,516,47311,314896,off,,1,1e-06,,5000.0,0.15084996819496155,0.052617307752370834,2.1131856720894575,0.006016911938786507,2.3230028580874205,2.613690961152315,50,,,,,182.00000021413476,2.2024765344852426e-10,5.67527506471303e-12,,,,,,,,,,,,,,,,,,,93.578125,True,1.15.1,HighsModelStatus.kOptimal,HighsStatus.kOk,,,,,,,,,,,,,,,
rail516,/iridisfs/scratch/sc9c23/mps/rail516.gz,0,3,highs-hipo,optimal,516,47311,314896,off,,1,1e-06,,5000.0,0.14843816868960857,0.05183350667357445,2.3594397231936455,0.0060320887714624405,2.566205035895109,2.8554969914257526,33,,,,,182.0000053405128,1.1152289980387309e-08,1.7525642878001566e-11,,,,,,,,,,,,,,,,,,,126.49609375,True,1.15.1,HighsModelStatus.kOptimal,HighsStatus.kOk,,,,,,,,,,,,,,,
rail582,/iridisfs/scratch/sc9c23/mps/rail582.gz,0,1,highs-ipx,optimal,582,55515,401708,off,,1,1e-06,,5000.0,0.177738344296813,0.06560403667390347,3.5421161502599716,0.007505832239985466,3.7933195531368256,4.082923036068678,62,,,,,209.71223298599043,1.6026513449673985e-11,2.4253192047278085e-12,,,,,,,,,,,,,,,,,,,102.14453125,True,1.15.1,HighsModelStatus.kOptimal,HighsStatus.kOk,,,,,,,,,,,,,,,
rail582,/iridisfs/scratch/sc9c23/mps/rail582.gz,0,2,highs-hipo,optimal,582,55515,401708,off,,1,1e-06,,5000.0,0.17581145651638508,0.06702073104679585,3.019094420596957,0.007461652159690857,3.269848359748721,3.559976087883115,38,,,,,209.712245350801,6.984349210092944e-10,1.8513339009966028e-11,,,,,,,,,,,,,,,,,,,142.64453125,True,1.15.1,HighsModelStatus.kOptimal,HighsStatus.kOk,,,,,,,,,,,,,,,
rail582,/iridisfs/scratch/sc9c23/mps/rail582.gz,0,3,psipm-v3,optimal,582,55515,401708,off,off,1,1e-06,1e-06,5000.0,0.17697819136083126,0.03153583034873009,4.526757324114442,0.001972772181034088,4.737336065620184,5.020972937345505,,58,0,2.3909633979201317,0.29214074090123177,209.7122869509045,1.7402779217690068e-10,2.478390778625916e-10,582,56097,402290,56097,,,,,,,,,,0,,0,,,149.00390625,True,psipm-v3-hsd-generic-2,,,,2.3344422416026284e-07,7.80722451374471e-10,5.361603793590748e-11,0.9102270665189756,7.100518677986655e-10,3.2342398836063256e-10,38,0,0,38,58,0.10853478337378514,generic-sparse,stable-active-column
s100,/iridisfs/scratch/sc9c23/mps/s100.mps,0,1,highs-hipo,HighsModelStatus.kSolveError,14733,364417,1777917,off,,1,1e-06,,5000.0,3.657895091921091,0.3157891146838665,370.15516448020935,0.000935891643166542,374.13027765601873,374.42491519637406,-1,,,,,0.0,nan,nan,,,,,,,,,,,,,,,,,,,581.98046875,True,1.15.1,HighsModelStatus.kSolveError,HighsStatus.kError,,,,,,,,,,,,,,,
s100,/iridisfs/scratch/sc9c23/mps/s100.mps,0,2,psipm-v3,optimal,14733,364417,1777917,off,off,1,1e-06,1e-07,5000.0,3.6376023311167955,0.8432299867272377,501.122488072142,0.010098841041326523,505.61355070769787,505.91130432114005,,173,76748,45.81731938570738,421.69511907733977,-0.171096737815836,6.4058493219671175e-12,7.61985869167526e-10,14733,364632,1778132,364632,,,,,,,,,,76748,,5,,,774.953125,True,psipm-v3-hsd-generic-2,,,,1.5729713545332263e-08,4.28909951973302e-14,5.232435266889087e-10,1.2306469094758377,5.28213732556193e-14,7.693490039794034e-12,41,0,0,41,173,0.48926700748999663,generic-sparse,stable-active-column
s100,/iridisfs/scratch/sc9c23/mps/s100.mps,0,3,highs-ipx,postsolve-inaccurate,14733,364417,1777917,off,,1,1e-06,,5000.0,3.624832859262824,0.3096470106393099,89.00727581232786,0.04365676827728748,92.98575510270894,93.2797161154449,75,,,,,-0.17109669332438526,1.462064086461823e-13,1.0886833094549083e-06,,,,,,,,,,,,,,,,,,,327.14453125,True,1.15.1,HighsModelStatus.kOptimal,HighsStatus.kOk,,,,,,,,,,,,,,,
s250r10,/iridisfs/scratch/sc9c23/mps/s250r10.mps,0,1,psipm-v3,optimal,10962,273142,1318607,off,off,1,1e-06,1e-07,5000.0,2.6317874751985073,0.6641724444925785,96.48651479743421,0.007586544379591942,99.79019876383245,100.08699257671833,,125,11747,28.884761469438672,50.15133625268936,-0.17267698655980596,9.45930861638024e-13,1.2804207465672807e-09,10962,273661,1319126,273661,,,,,,,,,,11747,,0,,,626.4375,True,psipm-v3-hsd-generic-2,,,,7.630325861242978e-09,2.0814445782688096e-13,6.716600821912405e-10,1.0347822488073193,2.160542021345045e-13,1.8742837616320675e-12,40,0,0,40,125,0.049128069881008284,generic-sparse,stable-active-column
s250r10,/iridisfs/scratch/sc9c23/mps/s250r10.mps,0,2,highs-ipx,optimal,10962,273142,1318607,off,,1,1e-06,,5000.0,2.5686037726700306,0.24718157015740871,77.44087203219533,0.032642412930727005,80.28963397815824,80.58104107901454,96,,,,,-0.17267703049361965,2.4787885499257912e-14,3.3071661780549805e-09,,,,,,,,,,,,,,,,,,,273.58203125,True,1.15.1,HighsModelStatus.kOptimal,HighsStatus.kOk,,,,,,,,,,,,,,,
s250r10,/iridisfs/scratch/sc9c23/mps/s250r10.mps,0,3,highs-hipo,unknown,10962,273142,1318607,off,,1,1e-06,,5000.0,2.5443988405168056,0.23840837180614471,40.78037858568132,0.032281043007969856,43.595996895805,43.89209830760956,70,,,,,-0.17266997015478047,1.7153995348948992e-10,4.7414842954535405e-08,,,,,,,,,,,,,,,,,,,470.51171875,True,1.15.1,HighsModelStatus.kUnknown,HighsStatus.kWarning,,,,,,,,,,,,,,,
s82,/iridisfs/scratch/sc9c23/mps/s82.mps,0,1,highs-ipx,postsolve-inaccurate,87878,1690631,7022608,off,,1,1e-06,,5000.0,16.179599279537797,1.285232188180089,1855.308703955263,0.21589922718703747,1872.9897928126156,1873.2768238969147,160,,,,,-34.57970959686547,1.1481461115181445e-13,7.361191021072223e-06,,,,,,,,,,,,,,,,,,,1269.265625,True,1.15.1,HighsModelStatus.kOptimal,HighsStatus.kOk,,,,,,,,,,,,,,,
s82,/iridisfs/scratch/sc9c23/mps/s82.mps,0,2,highs-hipo,unknown,87878,1690631,7022608,off,,1,1e-06,,5000.0,15.56798654794693,1.295077731832862,686.9928506817669,0.2171612363308668,704.0736117679626,704.3808205965906,109,,,,,-34.578457425716934,1.579289277131579e-14,3.268797577147403e-08,,,,,,,,,,,,,,,,,,,2468.24609375,True,1.15.1,HighsModelStatus.kUnknown,HighsStatus.kWarning,,,,,,,,,,,,,,,
s82,/iridisfs/scratch/sc9c23/mps/s82.mps,0,3,psipm-v3,time-limit,87878,1690631,7022608,off,off,1,1e-06,1e-07,5000.0,15.627450563013554,4.326305957511067,4985.2399583384395,0.053756020963191986,5005.2476096805185,5005.541972273961,,275,152066,261.83475797250867,4443.150861699134,-34.56746465795077,3.266242346035142e-08,4.8541176404303574e-05,87878,1690904,7022881,1690904,,,,,,,,,,152066,,5,,,3077.7578125,True,psipm-v3-hsd-generic-2,,,one or more PCG solves stopped before their requested tolerance; current proximal subproblem fails the natural-residual test: ratio 1.287e+00 >= 1,1.4254599651655364e-06,7.3379611335169615e-09,8.682610692150381e-07,0.8461565437241316,6.19685536574652e-09,6.02000125157777e-11,35,0,0,35,275,1.286559522921075,generic-sparse,stable-active-column
scpj4scip,/iridisfs/scratch/sc9c23/mps/scpj4scip.mps.gz,0,1,highs-hipo,optimal,1000,99947,999893,off,,1,1e-06,,5000.0,1.3360218219459057,0.15459849312901497,8.742755476385355,0.013392869383096695,10.247229479253292,10.53780104778707,33,,,,,104.08380103882052,0.0,6.669252608916584e-14,,,,,,,,,,,,,,,,,,,252.55859375,True,1.15.1,HighsModelStatus.kOptimal,HighsStatus.kOk,,,,,,,,,,,,,,,
scpj4scip,/iridisfs/scratch/sc9c23/mps/scpj4scip.mps.gz,0,2,psipm-v3,optimal,1000,99947,999893,off,off,1,1e-06,1e-06,5000.0,1.3504382967948914,0.0554108452051878,14.022226549685001,0.004396181553602219,15.432580299675465,15.717771872878075,,29,0,11.378835087642074,0.41417770832777023,104.08383383813215,0.0,2.69316802082853e-12,1000,100947,1000893,100947,,,,,,,,,,0,,0,,,284.91796875,True,psipm-v3-hsd-generic-2,,,,3.655067010551373e-07,3.801722970205832e-10,2.5968038320384558e-12,0.9157007974069555,3.4811994272634964e-10,2.490454536080956e-12,29,0,0,29,29,0.03646347478858811,generic-sparse,stable-active-column
scpj4scip,/iridisfs/scratch/sc9c23/mps/scpj4scip.mps.gz,0,3,highs-ipx,optimal,1000,99947,999893,off,,1,1e-06,,5000.0,1.3352023512125015,0.1553844902664423,2.6774775497615337,0.013392139226198196,4.18174864910543,4.469537964090705,28,,,,,104.08379570048288,7.049916206369744e-15,1.407015318336832e-16,,,,,,,,,,,,,,,,,,,173.3671875,True,1.15.1,HighsModelStatus.kOptimal,HighsStatus.kOk,,,,,,,,,,,,,,,
scpk4,/iridisfs/scratch/sc9c23/mps/scpk4.mps.gz,0,1,psipm-v3,optimal,2000,100000,1000000,off,off,1,1e-06,1e-06,5000.0,1.37021803855896,0.07654563151299953,22.092338038608432,0.004543008282780647,23.543756667524576,23.8325004465878,,40,1824,8.77103042602539,10.393210407346487,280.54420584913015,1.601053289945753e-09,3.988888427484919e-13,2000,102000,1002000,102000,,,,,,,,,,1824,,0,,,455.6484375,True,psipm-v3-hsd-generic-2,,,,2.0139950530045962e-08,5.5923845145415355e-11,3.574575967561536e-09,0.9187622672287868,5.127194633873128e-11,3.698003518486813e-13,39,0,0,39,40,0.07912688428497242,generic-sparse,stable-active-column
scpk4,/iridisfs/scratch/sc9c23/mps/scpk4.mps.gz,0,2,highs-ipx,optimal,2000,100000,1000000,off,,1,1e-06,,5000.0,1.3464909605681896,0.15976525284349918,3.0099393725395203,0.013395056128501892,4.529885418713093,4.819872302934527,25,,,,,280.54420025735914,0.0,3.169302004553714e-14,,,,,,,,,,,,,,,,,,,174.55859375,True,1.15.1,HighsModelStatus.kOptimal,HighsStatus.kOk,,,,,,,,,,,,,,,
scpk4,/iridisfs/scratch/sc9c23/mps/scpk4.mps.gz,0,3,highs-hipo,optimal,2000,100000,1000000,off,,1,1e-06,,5000.0,1.3506353795528412,0.15478756837546825,11.792414966970682,0.013302803039550781,13.311611164361238,13.605506174266338,28,,,,,280.544205007365,0.0,8.776961555785158e-13,,,,,,,,,,,,,,,,,,,288.984375,True,1.15.1,HighsModelStatus.kOptimal,HighsStatus.kOk,,,,,,,,,,,,,,,
scpl4,/iridisfs/scratch/sc9c23/mps/scpl4.mps.gz,0,1,highs-ipx,optimal,2000,200000,2000000,off,,1,1e-06,,5000.0,2.6958016511052847,0.3105674125254154,7.183005373924971,0.026882221922278404,10.216568067669868,10.504522236064076,27,,,,,211.7422317433914,0.0,1.407015318336832e-16,,,,,,,,,,,,,,,,,,,322.88671875,True,1.15.1,HighsModelStatus.kOptimal,HighsStatus.kOk,,,,,,,,,,,,,,,
scpl4,/iridisfs/scratch/sc9c23/mps/scpl4.mps.gz,0,2,highs-hipo,optimal,2000,200000,2000000,off,,1,1e-06,,5000.0,2.6934062521904707,0.3104431387037039,23.690571734681726,0.026766346767544746,26.72173798829317,27.01597330905497,31,,,,,211.7422414877944,0.0,4.732561977068982e-13,,,,,,,,,,,,,,,,,,,446.49609375,True,1.15.1,HighsModelStatus.kOptimal,HighsStatus.kOk,,,,,,,,,,,,,,,
scpl4,/iridisfs/scratch/sc9c23/mps/scpl4.mps.gz,0,3,psipm-v3,optimal,2000,200000,2000000,off,off,1,1e-06,1e-06,5000.0,2.7126364670693874,0.10848375968635082,37.56862679310143,0.008790511637926102,40.39866251684725,40.68823599629104,,48,2131,11.154793843626976,19.260827887803316,211.74223625392005,5.4184473963214685e-08,1.3680752360937294e-12,2000,202000,2002000,202000,,,,,,,,,,2131,,0,,,663.42578125,True,psipm-v3-hsd-generic-2,,,,2.184269426768862e-08,2.3605119945235936e-11,8.254987023283428e-08,0.9155461830771748,2.1609780154719732e-11,1.5088878651928255e-13,39,0,0,39,48,0.14101985006195591,generic-sparse,stable-active-column
scpm1,/iridisfs/scratch/sc9c23/mps/scpm1.mps,0,1,highs-hipo,optimal,5000,500000,6250000,off,,1,1e-06,,5000.0,8.016064269468188,0.9556781146675348,131.34601132012904,0.07164174504578114,140.38991640880704,140.69348698295653,26,,,,,413.7820894270782,0.0,8.442091910020992e-16,,,,,,,,,,,,,,,,,,,1317.375,True,1.15.1,HighsModelStatus.kOptimal,HighsStatus.kOk,,,,,,,,,,,,,,,
scpm1,/iridisfs/scratch/sc9c23/mps/scpm1.mps,0,2,psipm-v3,optimal,5000,500000,6250000,off,off,1,1e-06,1e-06,5000.0,7.646057702600956,0.3247070014476776,182.71578070893884,0.024969663470983505,190.71165587939322,191.00119784101844,,32,1691,112.85436875745654,54.9467798974365,413.78233991088007,7.771489834995648e-08,3.6061802608973004e-12,5000,505000,6255000,505000,,,,,,,,,,1691,,0,,,2126.65625,True,psipm-v3-hsd-generic-2,,,,6.181082736748128e-07,5.120653329158194e-10,8.540991007586744e-08,0.9157106105283748,4.689644370481836e-10,3.334878295122505e-12,32,0,0,32,32,0.09083352542779935,generic-sparse,stable-active-column
scpm1,/iridisfs/scratch/sc9c23/mps/scpm1.mps,0,3,highs-ipx,optimal,5000,500000,6250000,off,,1,1e-06,,5000.0,7.764707561582327,0.9615085441619158,47.44633597135544,0.07423396408557892,56.247110014781356,56.53819528222084,28,,,,,413.7820860223744,0.0,1.407015318336832e-16,,,,,,,,,,,,,,,,,,,901.32421875,True,1.15.1,HighsModelStatus.kOptimal,HighsStatus.kOk,,,,,,,,,,,,,,,
scpn2,/iridisfs/scratch/sc9c23/mps/scpn2.mps.gz,0,1,psipm-v3,optimal,5000,1000000,12500000,off,off,1,1e-06,1e-06,5000.0,16.600605791434646,0.6604095678776503,348.0905715152621,0.05332900770008564,365.4050451852381,365.70047134906054,,48,2506,174.27244991622865,128.8992658201605,350.4095600362415,2.0031444447621283e-08,1.4293868618983877e-12,5000,1005000,12505000,1005000,,,,,,,,,,2506,,0,,,3462.79296875,True,psipm-v3-hsd-generic-2,,,,5.783736819913649e-07,2.033353860038817e-10,2.502313281597232e-08,0.9137252881692284,1.8570506417510118e-10,1.318716878357476e-12,40,0,0,40,48,0.42937547979521584,generic-sparse,stable-active-column
scpn2,/iridisfs/scratch/sc9c23/mps/scpn2.mps.gz,0,2,highs-ipx,optimal,5000,1000000,12500000,off,,1,1e-06,,5000.0,16.417243503034115,1.8871715106070042,123.34798095747828,0.14885000698268414,141.8016059808433,142.09300559572875,30,,,,,350.40935833719846,4.718447854656915e-15,1.407015318336832e-16,,,,,,,,,,,,,,,,,,,1613.203125,True,1.15.1,HighsModelStatus.kOptimal,HighsStatus.kOk,,,,,,,,,,,,,,,
scpn2,/iridisfs/scratch/sc9c23/mps/scpn2.mps.gz,0,3,highs-hipo,optimal,5000,1000000,12500000,off,,1,1e-06,,5000.0,16.978363825008273,1.9095923602581024,288.1302209496498,0.14561734348535538,307.1643246859312,307.475845342502,30,,,,,350.40937049557334,0.0,9.849107228357825e-16,,,,,,,,,,,,,,,,,,,2273.9375,True,1.15.1,HighsModelStatus.kOptimal,HighsStatus.kOk,,,,,,,,,,,,,,,
set-cover-model,/iridisfs/scratch/sc9c23/mps/set-cover-model.mps.bz2,0,1,highs-ipx,optimal,10000,1102008,20442268,off,,1,1e-06,,5000.0,39.74459752626717,2.99294601008296,875.3142141364515,0.17794997990131378,918.2300651241094,918.5239205621183,56,,,,,7581843449.3279915,7.593715656284417e-10,2.1315311684525403e-16,,,,,,,,,,,,,,,,,,,2050.5390625,True,1.15.1,HighsModelStatus.kOptimal,HighsStatus.kOk,,,,,,,,,,,,,,,
set-cover-model,/iridisfs/scratch/sc9c23/mps/set-cover-model.mps.bz2,0,2,highs-hipo,optimal,10000,1102008,20442268,off,,1,1e-06,,5000.0,40.99235588312149,2.992630736902356,770.179504847154,0.17781799286603928,814.3428513240069,814.6511107049882,23,,,,,7581843420.316983,2.4654382979605316e-09,1.2564815308772869e-15,,,,,,,,,,,,,,,,,,,4064.71875,True,1.15.1,HighsModelStatus.kOptimal,HighsStatus.kOk,,,,,,,,,,,,,,,
set-cover-model,/iridisfs/scratch/sc9c23/mps/set-cover-model.mps.bz2,0,3,psipm-v3,time-limit,10000,1102008,20442268,off,off,1,1e-06,1e-06,5000.0,40.527145087718964,1.1516854111105204,5047.283302482218,0.07346987724304199,5089.03573471494,5089.333553424105,,50,18155,3107.880071505904,1882.6001939605922,7632315410.640837,0.10980205433450929,3.7095225145512884e-07,10000,1112008,20452268,1112008,,,,,,,,,,18155,,15,,,9404.6796875,True,psipm-v3-hsd-generic-2,,,time-limit; current proximal subproblem fails the natural-residual test: ratio 9.035e+00 >= 1,0.007755092328472723,57.11780525678838,0.10566810287302045,0.9606712325265593,55.06298476704247,3.563630895819803e-07,26,0,0,26,50,9.035496682137072,generic-sparse,stable-active-column
shs1042,/iridisfs/scratch/sc9c23/mps/shs1042.mps,0,1,highs-hipo,optimal,133377,467589,1114011,off,,1,1e-06,,5000.0,2.3496117405593395,0.26478674076497555,121.64312835596502,0.06192205846309662,124.3199618998915,124.62104866653681,113,,,,,9455.526096402278,1.2689343910729368e-12,1.0137415475457195e-12,,,,,,,,,,,,,,,,,,,701.1953125,True,1.15.1,HighsModelStatus.kOptimal,HighsStatus.kOk,,,,,,,,,,,,,,,
shs1042,/iridisfs/scratch/sc9c23/mps/shs1042.mps,0,2,psipm-v3,iteration-limit,133377,467589,1114011,off,off,1,1e-06,1.5491933384829662e-07,5000.0,2.3654771335422993,0.7851337343454361,744.7597303707153,0.012540249153971672,747.9230158161372,748.2285245750099,,500,21412,320.0790400970727,302.7711913008243,9323.754483318884,0.0016724354747520678,4.511074731379467e-05,133377,477486,1123908,479916,,,,,,,,,,21412,,0,,,2849.22265625,True,psipm-v3-hsd-generic-2,,,one or more PCG solves stopped before their requested tolerance; current proximal subproblem fails the natural-residual test: ratio 8.788e+00 >= 1,0.14385215701758175,0.0030705436239640282,8.137285769384152e-05,0.012308818576477084,3.419065914767773e-05,2.887125368530257e-09,31,0,0,31,500,8.787683634813447,generic-sparse,stable-active-column
shs1042,/iridisfs/scratch/sc9c23/mps/shs1042.mps,0,3,highs-ipx,optimal,133377,467589,1114011,off,,1,1e-06,,5000.0,2.349715305492282,0.25971650145947933,221.49874475225806,0.0625249519944191,224.1710323896259,224.45731728710234,94,,,,,9455.525948154478,7.459635021201355e-13,1.484179401777655e-11,,,,,,,,,,,,,,,,,,,406.55078125,True,1.15.1,HighsModelStatus.kOptimal,HighsStatus.kOk,,,,,,,,,,,,,,,
supportcase12,/iridisfs/scratch/sc9c23/mps/supportcase12.mps,0,1,psipm-v3,time-limit,166781,799616,2334437,off,off,1,1e-06,1e-07,5000.0,3.7239760514348745,1.7078476510941982,4997.233896825463,0.026505518704652786,5002.692361170426,5003.072477795184,,344,179509,805.0646293237805,4028.8481649998575,-7660.48333296132,0.021576955074041452,8.943557570212368e-05,166781,819983,2354804,819983,,,,,,,,,,179509,,86,,,8935.28515625,True,psipm-v3-hsd-generic-2,,,time-limit; current proximal subproblem fails the natural-residual test: ratio 2.903e+00 >= 1,0.0006171849224774226,1.9888859865836174e-09,0.00027173590458022485,0.36445677447676766,6.691873490683059e-10,4.084176896122141e-05,23,0,0,23,344,2.9033591861828105,generic-sparse,stable-active-column
supportcase12,/iridisfs/scratch/sc9c23/mps/supportcase12.mps,0,2,highs-ipx,optimal,166781,799616,2334437,off,,1,1e-06,,5000.0,3.7686071880161762,0.5141057670116425,235.8607727456838,0.10748044773936272,240.25130618736148,240.54488548450172,34,,,,,-7609.533053493911,1.6466191346949695e-13,1.3908646577028048e-09,,,,,,,,,,,,,,,,,,,624.05078125,True,1.15.1,HighsModelStatus.kOptimal,HighsStatus.kOk,,,,,,,,,,,,,,,
supportcase12,/iridisfs/scratch/sc9c23/mps/supportcase12.mps,0,3,highs-hipo,HighsModelStatus.kSolveError,166781,799616,2334437,off,,1,1e-06,,5000.0,3.728652970865369,0.5012789163738489,306.13049345463514,0.0020413417369127274,310.36297777853906,310.6680361200124,-1,,,,,0.0,nan,nan,,,,,,,,,,,,,,,,,,,1186.19921875,True,1.15.1,HighsModelStatus.kSolveError,HighsStatus.kError,,,,,,,,,,,,,,,
supportcase19,/iridisfs/scratch/sc9c23/mps/supportcase19.mps.gz,0,1,highs-ipx,optimal,10713,1429098,4287094,off,,1,1e-06,,5000.0,7.286689797416329,0.8809354938566685,280.63285277225077,0.17546050809323788,288.97627757303417,289.26808564923704,57,,,,,12677206.284661956,8.202016665011758e-15,7.19078270413152e-15,,,,,,,,,,,,,,,,,,,840.9453125,True,1.15.1,HighsModelStatus.kOptimal,HighsStatus.kOk,,,,,,,,,,,,,,,
supportcase19,/iridisfs/scratch/sc9c23/mps/supportcase19.mps.gz,0,2,highs-hipo,unknown,10713,1429098,4287094,off,,1,1e-06,,5000.0,7.329421583563089,0.8873440828174353,188.59815132804215,0.17339151725172997,196.98882432468235,197.29574945755303,37,,,,,12714431.995055508,1.653708507556832e-05,1.490180681270404e-11,,,,,,,,,,,,,,,,,,,1760.90625,True,1.15.1,HighsModelStatus.kUnknown,HighsStatus.kWarning,,,,,,,,,,,,,,,
supportcase19,/iridisfs/scratch/sc9c23/mps/supportcase19.mps.gz,0,3,psipm-v3,time-limit,10713,1429098,4287094,off,off,1,1e-06,1e-06,5000.0,7.255357563495636,0.11528545990586281,4997.319981630892,0.040603913366794586,5004.731363330036,5005.032248269767,,192,328214,82.85067908279598,4745.842187786475,12684475.088484809,0.0019120716782648484,1.0129889343905794e-08,10713,1429460,4287456,1429460,,,,,,,,,,328214,,288,,,2921.26953125,True,psipm-v3-hsd-generic-2,,,time-limit; current proximal subproblem fails the natural-residual test: ratio 2.645e+00 >= 1,0.0002871400827317,2.479994490209254e-08,0.0021665658396409853,1.0089177548070642,2.4629090435415987e-08,9.545985657071653e-09,36,0,0,36,192,2.644996886775222,generic-sparse,stable-active-column
supportcase6,/iridisfs/scratch/sc9c23/mps/supportcase6.mps.gz,0,1,highs-hipo,unknown,771,130052,584976,off,,1,1e-06,,5000.0,0.8283391129225492,0.10858841054141521,5.0009387489408255,0.015101145952939987,5.953439176082611,6.245335437357426,33,,,,,36716.171442030325,1.8747613093187033e-05,1.5841739403717933e-13,,,,,,,,,,,,,,,,,,,223.203125,True,1.15.1,HighsModelStatus.kUnknown,HighsStatus.kWarning,,,,,,,,,,,,,,,
supportcase6,/iridisfs/scratch/sc9c23/mps/supportcase6.mps.gz,0,2,psipm-v3,optimal,771,130052,584976,off,off,1,1e-06,1e-06,5000.0,0.8299429174512625,0.0056942664086818695,6.862171171233058,0.003408854827284813,7.701337428763509,7.986864721402526,,49,0,3.2791513577103615,0.343744495883584,45090.7356766395,1.367379498518062e-08,2.5762951425936214e-12,771,130052,584976,130052,,,,,,,,,,0,,0,,,221.90625,True,psipm-v3-hsd-generic-2,,,,8.468228137950449e-08,3.160568798280156e-08,9.527467327459747e-12,0.926754187954126,2.9375878750536458e-08,1.6568026911804613e-12,36,0,0,36,49,0.06317560757977277,generic-sparse,stable-active-column
supportcase6,/iridisfs/scratch/sc9c23/mps/supportcase6.mps.gz,0,3,highs-ipx,optimal,771,130052,584976,off,,1,1e-06,,5000.0,0.814528863877058,0.10820150189101696,8.018180590122938,0.015131331980228424,8.956334380432963,9.244128281250596,47,,,,,45090.73321208196,2.755741190796357e-10,5.363074312363513e-16,,,,,,,,,,,,,,,,,,,145.15234375,True,1.15.1,HighsModelStatus.kOptimal,HighsStatus.kOk,,,,,,,,,,,,,,,
